id,nombre,telefono
1,Pedro Hernandez,+56 9 34801593
2,Ana Lopez,+56 9 22930351
3,Ana Lopez,+56 9 21893015
4,Maria Rodriguez,+56 9 12960954
5,Pedro Rodriguez,+56 9 39821322
6,Juan Diaz,+56 9 45520168
7,Laura Garcia,+56 9 46568687
8,Pedro Lopez,+56 9 75155987
9,Luis Lopez,+56 9 54809777
10,Maria Rodriguez,+56 9 43478464
11,Pedro Sanchez,+56 9 94007222
12,Laura Martinez,+56 9 97662769
13,Jose Sanchez,+56 9 32575355
14,Ana Rodriguez,+56 9 36454044
15,Pedro Sanchez,+56 9 89656313
16,Jose Garcia,+56 9 84762469
17,Marta Hernandez,+56 9 86804265
18,Ana Martinez,+56 9 22450968
19,Laura Gonzalez,+56 9 93071966
20,Carmen Diaz,+56 9 62393706
21,Luis Hernandez,+56 9 75817335
22,Pedro Perez,+56 9 34599856
23,Miguel Diaz,+56 9 60490503
24,Juan Diaz,+56 9 16987096
25,Ana Diaz,+56 9 84034355
26,Ana Gonzalez,+56 9 52752629
27,Maria Gonzalez,+56 9 67348035
28,Luis Fernandez,+56 9 61668167
29,Juan Lopez,+56 9 92833679
30,Luis Gonzalez,+56 9 36070481
31,Jose Martinez,+56 9 37493887
32,Maria Martinez,+56 9 59595889
33,Miguel Gonzalez,+56 9 77930049
34,Jose Sanchez,+56 9 40551952
35,Marta Martinez,+56 9 99760343
36,Laura Rodriguez,+56 9 92875578
37,Carmen Lopez,+56 9 91996840
38,Miguel Lopez,+56 9 16987579
39,Marta Hernandez,+56 9 16325886
40,Pedro Hernandez,+56 9 57647077
41,Marta Garcia,+56 9 20653356
42,Luis Lopez,+56 9 32564980
43,Marta Perez,+56 9 31963738
44,Miguel Sanchez,+56 9 77772038
45,Pedro Hernandez,+56 9 63114559
46,Laura Perez,+56 9 73612225
47,Pedro Gonzalez,+56 9 51282465
48,Laura Rodriguez,+56 9 22484805
49,Marta Sanchez,+56 9 19969199
50,Laura Fernandez,+56 9 20928901
51,Pedro Hernandez,+56 9 51993438
52,Maria Gonzalez,+56 9 84864110
53,Marta Lopez,+56 9 52857484
54,Pedro Garcia,+56 9 16702290
55,Ana Fernandez,+56 9 79787666
56,Carmen Lopez,+56 9 39372723
57,Jose Sanchez,+56 9 15763937
58,Laura Martinez,+56 9 27138866
59,Maria Diaz,+56 9 39572891
60,Luis Martinez,+56 9 56515006
61,Jose Fernandez,+56 9 27496634
62,Carmen Garcia,+56 9 62436224
63,Miguel Sanchez,+56 9 39975206
64,Juan Diaz,+56 9 94243912
65,Miguel Sanchez,+56 9 23328082
66,Carmen Rodriguez,+56 9 69992209
67,Juan Lopez,+56 9 58659264
68,Marta Perez,+56 9 80409180
69,Laura Rodriguez,+56 9 90591636
70,Luis Lopez,+56 9 26849861
71,Pedro Hernandez,+56 9 22549271
72,Luis Lopez,+56 9 59194308
73,Marta Perez,+56 9 70588569
74,Marta Fernandez,+56 9 38580290
75,Ana Sanchez,+56 9 26781011
76,Jose Gonzalez,+56 9 45544387
77,Juan Fernandez,+56 9 68376818
78,Miguel Diaz,+56 9 15665664
79,Miguel Martinez,+56 9 12138905
80,Ana Fernandez,+56 9 48628168
81,Luis Diaz,+56 9 40639173
82,Miguel Hernandez,+56 9 27357438
83,Laura Rodriguez,+56 9 53326574
84,Carmen Martinez,+56 9 24167442
85,Carmen Sanchez,+56 9 76438196
86,Carmen Lopez,+56 9 28120451
87,Pedro Rodriguez,+56 9 73465191
88,Carmen Gonzalez,+56 9 93863922
89,Carmen Sanchez,+56 9 24008417
90,Marta Martinez,+56 9 98604152
91,Carmen Sanchez,+56 9 87142544
92,Marta Lopez,+56 9 61560906
93,Maria Perez,+56 9 19424846
94,Luis Perez,+56 9 75050075
95,Miguel Sanchez,+56 9 56525057
96,Carmen Sanchez,+56 9 14919004
97,Miguel Diaz,+56 9 54917603
98,Juan Gonzalez,+56 9 53736558
99,Ana Sanchez,+56 9 90595953
100,Jose Hernandez,+56 9 13812403
101,Ana Perez,+56 9 50887077
102,Ana Rodriguez,+56 9 52350246
103,Pedro Diaz,+56 9 82139179
104,Ana Gonzalez,+56 9 90861938
105,Miguel Hernandez,+56 9 57740434
106,Jose Sanchez,+56 9 21922695
107,Laura Lopez,+56 9 16571607
108,Pedro Fernandez,+56 9 88617060
109,Laura Sanchez,+56 9 55801777
110,Jose Rodriguez,+56 9 22150360
111,Jose Sanchez,+56 9 10402525
112,Marta Rodriguez,+56 9 90565517
113,Pedro Perez,+56 9 53110829
114,Juan Rodriguez,+56 9 11781630
115,Juan Garcia,+56 9 18175892
116,Miguel Lopez,+56 9 38188201
117,Miguel Diaz,+56 9 35388682
118,Marta Lopez,+56 9 15236684
119,Carmen Sanchez,+56 9 17213322
120,Ana Fernandez,+56 9 31643031
121,Maria Diaz,+56 9 87830315
122,Luis Martinez,+56 9 88063522
123,Maria Perez,+56 9 68148452
124,Ana Garcia,+56 9 38545481
125,Pedro Diaz,+56 9 64276896
126,Ana Fernandez,+56 9 74460938
127,Maria Lopez,+56 9 98429383
128,Carmen Garcia,+56 9 79209227
129,Luis Martinez,+56 9 88624000
130,Miguel Diaz,+56 9 77722012
131,Juan Martinez,+56 9 98288009
132,Luis Rodriguez,+56 9 62355588
133,Luis Gonzalez,+56 9 32776816
134,Miguel Rodriguez,+56 9 78849462
135,Maria Garcia,+56 9 55846760
136,Luis Garcia,+56 9 75354309
137,Laura Hernandez,+56 9 68356421
138,Maria Rodriguez,+56 9 35350204
139,Miguel Rodriguez,+56 9 84665165
140,Maria Perez,+56 9 50598393
141,Juan Hernandez,+56 9 90580651
142,Luis Hernandez,+56 9 17209404
143,Pedro Sanchez,+56 9 49207505
144,Maria Sanchez,+56 9 46692730
145,Pedro Sanchez,+56 9 88973946
146,Miguel Rodriguez,+56 9 95173032
147,Ana Fernandez,+56 9 29507659
148,Carmen Perez,+56 9 74168302
149,Pedro Diaz,+56 9 76779174
150,Pedro Diaz,+56 9 13741064
151,Luis Garcia,+56 9 13537836
152,Miguel Hernandez,+56 9 85473874
153,Juan Hernandez,+56 9 78165278
154,Maria Perez,+56 9 41368840
155,Marta Sanchez,+56 9 37991845
156,Marta Hernandez,+56 9 88061204
157,Maria Fernandez,+56 9 81274186
158,Jose Perez,+56 9 16336143
159,Ana Sanchez,+56 9 42305968
160,Carmen Rodriguez,+56 9 32364634
161,Luis Garcia,+56 9 20841622
162,Pedro Lopez,+56 9 51787653
163,Juan Martinez,+56 9 54535410
164,Marta Fernandez,+56 9 59320176
165,Luis Perez,+56 9 39693685
166,Laura Garcia,+56 9 61218611
167,Juan Garcia,+56 9 78322204
168,Carmen Sanchez,+56 9 47600681
169,Miguel Martinez,+56 9 60213363
170,Pedro Fernandez,+56 9 45398062
171,Ana Fernandez,+56 9 98031532
172,Miguel Gonzalez,+56 9 21658198
173,Carmen Diaz,+56 9 20680327
174,Pedro Perez,+56 9 20002171
175,Carmen Lopez,+56 9 10711300
176,Jose Perez,+56 9 75196711
177,Juan Sanchez,+56 9 14976431
178,Pedro Perez,+56 9 26276629
179,Pedro Gonzalez,+56 9 51274461
180,Marta Diaz,+56 9 24009936
181,Maria Hernandez,+56 9 16122727
182,Carmen Gonzalez,+56 9 14483126
183,Pedro Garcia,+56 9 16989200
184,Miguel Sanchez,+56 9 24710941
185,Carmen Fernandez,+56 9 32545954
186,Jose Perez,+56 9 46944753
187,Pedro Sanchez,+56 9 25527194
188,Carmen Perez,+56 9 84346497
189,Ana Garcia,+56 9 72391279
190,Pedro Gonzalez,+56 9 92194118
191,Ana Lopez,+56 9 37551891
192,Laura Hernandez,+56 9 14313995
193,Juan Fernandez,+56 9 96455885
194,Carmen Diaz,+56 9 41329531
195,Pedro Perez,+56 9 32635192
196,Marta Rodriguez,+56 9 17929145
197,Miguel Diaz,+56 9 17585504
198,Pedro Gonzalez,+56 9 41013293
199,Maria Hernandez,+56 9 35293327
200,Luis Hernandez,+56 9 69549037
